,pred,label
0,0.13025745749473572,1
1,0.09120550006628036,0
2,0.20016348361968994,1
3,0.24218204617500305,0
4,0.17478737235069275,0
5,0.31189975142478943,0
